1,YYZ,Lester B. Pearson International, Toronto,CANADA,EST,43.677718,-79.624820,0101000000C078060DFDE753C08CF4A276BFD64540
2,YTZ,Billy Bishop City Airport, Toronto,CANADA,EST,43.628482,-79.395958,0101000000C078060DFDE753C08CF4A276BFD64540
3,JFK,John F. Kennedy International, New York City,USA,EST,40.641311,-73.778139,0101000000C078060DFDE753C08CF4A276BFD64540
4,LGA,LaGuardia Airport, New York City,USA,EST,40.776927,-73.873966,0101000000C078060DFDE753C08CF4A276BFD64540
